{
    "classifier__num_leaves": 43,
    "classifier__max_depth": 6,
    "classifier__learning_rate": 0.050905171415587834,
    "classifier__n_estimators": 755,
    "classifier__min_child_samples": 12,
    "classifier__subsample": 0.6558755078543985,
    "classifier__colsample_bytree": 0.507940820530274,
    "classifier__reg_alpha": 2.5479976399359512e-05,
    "classifier__reg_lambda": 0.0009735947041319025,
    "classifier__min_split_gain": 0.07730961569322312,
    "classifier__scale_pos_weight": 2.771233981055667
}