{
    "classifier__num_leaves": 20,
    "classifier__max_depth": 5,
    "classifier__learning_rate": 0.07418589895965191,
    "classifier__n_estimators": 411,
    "classifier__min_child_samples": 44,
    "classifier__subsample": 0.44306621485281855,
    "classifier__colsample_bytree": 0.3070041758580809,
    "classifier__reg_alpha": 0.28904608859234615,
    "classifier__reg_lambda": 0.5768342222201367,
    "classifier__min_split_gain": 0.04276818670859794,
    "classifier__drop_rate": 0.14712906669815418,
    "classifier__max_drop": 71
}