Model,Precision,Recall,F1,ROC-AUC,Time (sec)
DecisionTree,0.28380845317031195,0.9261886596431992,0.4344806579348157,0.8460476905506829,37.31
