Model,Precision,Recall,F1,ROC-AUC,Time (sec)
LogisticRegression,0.25348730800391234,0.9802444686135415,0.40280964832701854,0.8346874581495245,33.97
